Year,State,Population,Foreign_Residents,Permanent_Residents,Naturalized,Nonimmigrant_Admissions,Visa_Waiver_Tourists_Travelers,Other_Tourists_Travelers,Students,Temporary_Workers,Diplomats,Violent_Crime,Property_Crime,Income_per_capita,Poverty_Rate,Food_Insecure_Rate,Very_low_food_secure_rate,Unemployment_Rate
1980,North Carolina,,,,,,,,,,,,,,,,,0.4
1990,Nebraska,,,,,,,,,,,,,,,,,2.3
2000,Virginia,,,,,,,,,,,,,,,,,2.3
2000,Connecticut,,,,,,,,,,,,,,,,,2.4
2000,South Dakota,,,,,,,,,,,,,,,,,2.5
2000,Iowa,,,,,,,,,,,,,,,,,2.6
2014,North Dakota,739482,28551,1351,525,43010,15313,15237,5939,6078,132,1960,15605,57969,,8.5,2.9,2.7
2015,North Dakota,756928,34168,1600,561,37405,11191,15942,4792,5201,101,1812,16020,55950,11,8.5,2.9,2.7
1990,Hawaii,,,,,,,,,,,,,,,,,2.7
2000,Massachusetts,,,,,,,,,,,,,,,,,2.7
2000,New Hampshire,,,,,,,,,,,,,,,,,2.7
2000,Colorado,,,,,,,,,,,,,,,,,2.8
2000,Nebraska,,,,,,,,,,,,,,,,,2.8
2000,Vermont,,,,,,,,,,,,,,,,,2.8
2015,Nebraska,1896190,142361,5234,2221,491508,190311,266704,14307,16710,2672,5212,42495,48544,12.6,14.8,5.6,3
2000,North Dakota,,,,,,,,,,,,,,,,,3
2000,Oklahoma,,,,,,,,,,,,,,,,,3
2015,South Dakota,858469,32391,1265,542,19648,6053,7948,3055,2308,203,3289,16680,47881,13.7,11.5,4.5,3.1
2000,Indiana,,,,,,,,,,,,,,,,,3.1
2000,Minnesota,,,,,,,,,,,,,,,,,3.2
2014,Nebraska,1881503,136863,4442,2348,439078,181450,224796,13777,14872,3182,5275,47479,48378,,14.8,5.6,3.3
2000,Utah,,,,,,,,,,,,,,,,,3.3
2014,South Dakota,853175,29431,1108,676,16831,6189,5685,2620,2067,178,2786,15902,46021,,11.5,4.5,3.4
2015,New Hampshire,1330608,90494,2159,1570,69108,29485,22838,9918,6542,144,2652,23229,55905,8.2,10.1,4.3,3.4
2000,Maine,,,,,,,,,,,,,,,,,3.4
2015,Utah,2995919,269474,6883,4838,187597,62642,99426,13729,10485,832,7071,89278,39308,11.3,11.9,4.5,3.5
2000,Wisconsin,,,,,,,,,,,,,,,,,3.5
2015,Hawaii,1431603,286618,6513,3698,2714804,2028292,658320,10958,8476,5380,4201,54346,48288,10.6,9.7,3,3.6
2000,Kansas,,,,,,,,,,,,,,,,,3.6
2000,Maryland,,,,,,,,,,,,,,,,,3.6
2000,Michigan,,,,,,,,,,,,,,,,,3.6
2000,Missouri,,,,,,,,,,,,,,,,,3.6
2015,Vermont,626042,34434,792,570,55015,29127,15668,5816,4112,98,739,8806,48587,10.2,11.4,5.1,3.7
2015,Iowa,3123899,163608,5047,2574,79708,18269,35837,15916,8898,484,8936,63957,45902,12.2,10.6,4.5,3.7
2015,Minnesota,5489594,493233,14737,7533,269557,76564,141796,23168,25890,592,13319,121984,50871,10.2,9.9,3.8,3.7
2000,Delaware,,,,,,,,,,,,,,,,,3.7
2000,Florida,,,,,,,,,,,,,,,,,3.7
2000,Georgia,,,,,,,,,,,,,,,,,3.7
2000,New Jersey,,,,,,,,,,,,,,,,,3.7
2000,North Carolina,,,,,,,,,,,,,,,,,3.7
2010,North Dakota,674499,20429,1058,286,34888,16233,7186,7047,3993,152,1513,11895,,,8.7,3.4,3.8
2014,Utah,2942902,275137,6166,4314,166272,60888,80618,13482,9776,936,6346,84711,37689,,11.9,4.5,3.8
1990,South Dakota,,,,,,,,,,,,,,,,,3.8
2000,South Carolina,,,,,,,,,,,,,,,,,3.8
2015,Colorado,5456574,610226,12661,9423,586605,182823,341195,26434,31992,2984,17515,144136,50899,11.5,12.5,5.1,3.9
1980,Nebraska,,,,,,,,,,,,,,,,,3.9
1980,Wyoming,,,,,,,,,,,,,,,,,3.9
2000,Tennessee,,,,,,,,,,,,,,,,,3.9
2000,Wyoming,,,,,,,,,,,,,,,,,3.9
2014,Vermont,626562,31420,791,552,57281,30070,15748,6093,4942,68,622,9551,47200,,11.4,5.1,4
1990,North Dakota,,,,,,,,,,,,,,,,,4
2000,Arizona,,,,,,,,,,,,,,,,,4
2000,Ohio,,,,,,,,,,,,,,,,,4
2014,Wyoming,584153,28013,414,217,24841,11074,8987,2938,1710,62,1142,11477,56070,,13.2,5.3,4.1
2015,Montana,1032949,29072,519,249,52808,25480,19452,5095,2503,48,3611,27100,41809,14.6,12.2,5.6,4.1
2015,Idaho,1654930,107018,2531,1427,48292,16539,18549,6843,5565,603,3568,28858,38392,15.1,13.8,5.1,4.1
1990,North Carolina,,,,,,,,,,,,,,,,,4.1
2000,Pennsylvania,,,,,,,,,,,,,,,,,4.1
2000,Rhode Island,,,,,,,,,,,,,,,,,4.1
2015,Wyoming,586107,26017,539,257,26306,11286,10393,2800,1704,66,1302,11151,56081,11.1,13.2,5.3,4.2
2014,Iowa,3107126,168817,4225,2000,77408,18984,33976,15328,8168,518,8497,65056,44474,,10.6,4.5,4.2
2015,Oklahoma,3911338,271742,4880,3858,119419,16729,77895,14902,8376,1207,16506,112878,45573,16.1,15.5,6.4,4.2
2015,Kansas,2911641,227501,5419,2830,99240,16385,58842,12806,9293,1606,11353,79199,47161,13,14.6,5.5,4.2
2014,Minnesota,5457173,465140,13764,9176,240597,77826,112858,22146,24169,603,12505,125377,49191,,9.9,3.8,4.2
2000,Hawaii,,,,,,,,,,,,,,,,,4.2
2000,Kentucky,,,,,,,,,,,,,,,,,4.2
2000,Nevada,,,,,,,,,,,,,,,,,4.2
2014,New Hampshire,1326813,89722,2103,1413,65223,29072,20101,9381,6286,156,2602,26041,53693,,10.1,4.3,4.3
1990,Kansas,,,,,,,,,,,,,,,,,4.3
2000,Arkansas,,,,,,,,,,,,,,,,,4.3
2000,Illinois,,,,,,,,,,,,,,,,,4.3
2000,Texas,,,,,,,,,,,,,,,,,4.3
2015,Maine,1329328,56813,1464,1102,86151,32644,30473,13767,8067,407,1729,24327,42799,13.4,15.8,7.4,4.4
2014,Hawaii,1419561,283961,5741,2931,2552833,2031190,492964,11488,7974,5243,3680,43297,46521,,9.7,3,4.4
2015,Virginia,8382993,1137772,27622,18391,546391,153828,260688,45824,42297,40856,16399,156470,52052,11.2,9.8,4.3,4.4
1980,Kansas,,,,,,,,,,,,,,,,,4.4
1980,Oklahoma,,,,,,,,,,,,,,,,,4.4
1990,Iowa,,,,,,,,,,,,,,,,,4.4
1990,Utah,,,,,,,,,,,,,,,,,4.4
1990,Wisconsin,,,,,,,,,,,,,,,,,4.4
2014,Oklahoma,3878051,260711,4441,2472,114785,17740,73212,13916,8418,1115,15744,115982,45171,,15.5,6.4,4.5
2015,Texas,27469114,4975141,99727,65467,5064473,545495,4035452,123844,307453,20776,113227,777739,46947,15.9,15.4,6,4.5
1980,New Hampshire,,,,,,,,,,,,,,,,,4.5
1990,Maryland,,,,,,,,,,,,,,,,,4.5
1990,Virginia,,,,,,,,,,,,,,,,,4.5
2000,New York,,,,,,,,,,,,,,,,,4.5
2010,Nebraska,1830429,122845,4400,1590,93027,69149,14538,5802,2767,303,5104,48821,,,13.4,5,4.6
2014,Kansas,2904021,226516,4861,2743,94334,16428,55328,12394,8303,1557,10123,79431,46488,,14.6,5.5,4.6
2015,Wisconsin,5771337,306790,6655,3738,178072,53108,82476,24423,17014,560,17647,113924,45914,12.1,11.3,4.7,4.6
2000,Alabama,,,,,,,,,,,,,,,,,4.6
2014,Montana,1023579,33407,451,304,51739,26639,17267,5128,2366,43,3313,25312,40647,,12.2,5.6,4.7
1990,Delaware,,,,,,,,,,,,,,,,,4.7
1990,Nevada,,,,,,,,,,,,,,,,,4.7
2000,Idaho,,,,,,,,,,,,,,,,,4.7
2014,Idaho,1634464,110980,2202,1560,42825,14730,16093,6327,4904,508,3468,30316,37197,,13.8,5.1,4.8
2015,Indiana,6619680,355230,8554,4686,213455,56298,95435,38417,21985,589,25653,171847,41940,14.5,14.8,6.1,4.8
1980,South Dakota,,,,,,,,,,,,,,,,,4.8
1990,Minnesota,,,,,,,,,,,,,,,,,4.8
1990,South Carolina,,,,,,,,,,,,,,,,,4.8
2015,Delaware,945934,93881,2168,1633,48586,14328,20709,6208,6051,858,4720,25455,47633,12.4,11.9,3.2,4.9
2015,Ohio,11613423,562894,16050,9580,365956,97809,161867,52449,51214,1476,33898,300525,43566,14.8,16.1,6.6,4.9
1980,North Dakota,,,,,,,,,,,,,,,,,4.9
2000,California,,,,,,,,,,,,,,,,,4.9
2000,New Mexico,,,,,,,,,,,,,,,,,4.9
2010,South Dakota,816463,27224,987,399,11859,5902,2407,2115,1275,34,2186,15082,,,12.9,4.9,5
2015,Missouri,6083672,286051,6731,4318,171859,39731,87152,26679,16593,1171,30261,173642,42300,14.8,15.2,6.7,5
2014,Colorado,5355866,609410,10872,5965,532119,173182,301630,24630,28000,2945,16554,135510,49829,,12.5,5.1,5
2015,Massachusetts,6794422,1157960,28535,23554,1246289,499014,513779,150018,74013,5111,26562,114871,62603,11.5,9.7,4.5,5
1980,Hawaii,,,,,,,,,,,,,,,,,5
1990,New Jersey,,,,,,,,,,,,,,,,,5
1990,Vermont,,,,,,,,,,,,,,,,,5
2000,Montana,,,,,,,,,,,,,,,,,5
2015,Pennsylvania,12802503,907360,24969,16554,573917,191286,240571,81702,54064,2424,40339,232085,49745,13.2,12.4,4.8,5.1
2014,Texas,26956958,4804384,95295,52879,5248779,536579,4232032,122567,297735,19943,109414,813934,45809,,15.4,6,5.1
2000,Oregon,,,,,,,,,,,,,,,,,5.1
2015,Arkansas,2978204,162507,2814,1576,120544,15464,84016,8069,12020,636,15526,96836,38252,19.1,19.2,7.4,5.2
2015,Maryland,6006401,981430,22627,18390,408337,109988,206143,35581,25703,28116,27462,139048,55972,9.7,10.7,3.8,5.2
2014,Virginia,8326289,1125673,28477,19646,506687,149771,231155,42934,40431,38927,16340,160720,50164,,9.8,4.3,5.2
1980,Virginia,,,,,,,,,,,,,,,,,5.2
1990,Colorado,,,,,,,,,,,,,,,,,5.2
1990,Washington,,,,,,,,,,,,,,,,,5.2
2000,Washington,,,,,,,,,,,,,,,,,5.2
2015,New York,19795791,4757438,130010,90368,7773970,3957599,3077761,286408,338409,86929,75165,317529,58670,15.4,14.1,4.9,5.3
1990,Arizona,,,,,,,,,,,,,,,,,5.3
1990,Indiana,,,,,,,,,,,,,,,,,5.3
1990,Maine,,,,,,,,,,,,,,,,,5.3
1990,New York,,,,,,,,,,,,,,,,,5.3
1990,Tennessee,,,,,,,,,,,,,,,,,5.3
1990,Wyoming,,,,,,,,,,,,,,,,,5.3
2000,Louisiana,,,,,,,,,,,,,,,,,5.3
2015,Kentucky,4425092,181364,5647,2846,103919,28322,43403,10776,21008,129,9676,96362,38588,18.5,17.6,7.3,5.4
2014,Wisconsin,5757564,304697,5997,3770,165414,53205,72526,23530,15161,305,16714,120238,44459,,11.3,4.7,5.4
2015,Michigan,9922576,711433,18049,12473,726629,185781,330956,66210,137525,1451,41231,187101,42812,15.8,14.9,6.4,5.4
2015,Florida,20271272,4317873,118873,81960,10253858,3106583,6713838,117184,198641,19337,93626,570270,44429,15.7,12.7,5.4,5.4
2000,Mississippi,,,,,,,,,,,,,,,,,5.4
1990,Georgia,,,,,,,,,,,,,,,,,5.5
1990,Idaho,,,,,,,,,,,,,,,,,5.5
1990,Oregon,,,,,,,,,,,,,,,,,5.5
1990,Pennsylvania,,,,,,,,,,,,,,,,,5.5
2000,West Virginia,,,,,,,,,,,,,,,,,5.5
2014,Maine,1330089,61875,1382,909,81694,31565,25984,13417,9174,284,1700,26421,41289,,15.8,7.4,5.6
2015,Connecticut,3590886,550868,11102,9838,246796,80168,106905,28114,29654,1261,7845,65066,68704,10.5,13.1,6.3,5.6
2015,New Jersey,8958013,2054440,49801,34857,1169231,383663,606510,53170,114694,5302,22879,145701,59949,10.8,11.1,4.7,5.6
1980,Massachusetts,,,,,,,,,,,,,,,,,5.6
1990,District of Columbia,,,,,,,,,,,,,,,,,5.6
1990,Ohio,,,,,,,,,,,,,,,,,5.6
2014,Delaware,935614,86397,2085,1175,44384,13835,17664,5779,5779,933,4576,27900,45338,,11.9,3.2,5.7
2015,Oregon,4028977,438123,8655,6130,259821,92913,121884,23425,19716,439,10468,118719,43783,15.4,16.1,6.6,5.7
2015,North Carolina,10042802,876063,18495,11569,402304,119017,188687,33055,57927,2212,34852,276183,40759,16.4,15.9,6.2,5.7
2015,Washington,7170351,1085951,24765,14341,1174095,444797,563652,60013,82312,11032,20394,248369,51898,12.2,12.9,4.8,5.7
2014,Massachusetts,6745408,1123013,29776,21608,1156761,506908,427921,142123,69121,5517,26399,125267,59674,,9.7,4.5,5.7
1990,New Hampshire,,,,,,,,,,,,,,,,,5.7
1990,Oklahoma,,,,,,,,,,,,,,,,,5.7
2010,New Hampshire,1316759,79688,2556,1670,57786,28505,12486,10146,6017,133,2198,28782,,,9.9,4.3,5.8
2015,Tennessee,6600299,381098,8833,5381,240996,71429,125797,17067,25456,705,40400,193796,42094,16.7,15.1,6,5.8
2014,Ohio,11594163,535600,14641,9032,333689,97068,136232,49398,48177,1437,33030,324528,42205,,16.1,6.6,5.8
2014,Maryland,5976407,955800,24787,13707,368823,105992,174007,33907,24936,26885,26661,149859,54100,,10.7,3.8,5.8
1980,Colorado,,,,,,,,,,,,,,,,,5.8
1980,Connecticut,,,,,,,,,,,,,,,,,5.8
1980,Minnesota,,,,,,,,,,,,,,,,,5.8
1990,California,,,,,,,,,,,,,,,,,5.8
1990,Missouri,,,,,,,,,,,,,,,,,5.8
2014,Indiana,6596855,351088,8008,4274,193849,53399,81515,37887,19797,401,24099,174776,40508,,14.8,6.1,5.9
2014,Pennsylvania,12787209,895960,23944,14500,528078,188468,202262,76761,53860,2412,40164,247016,48012,,12.4,4.8,5.9
2015,Georgia,10214860,1118092,25919,20794,749069,239366,389820,39788,68610,7303,38643,308723,40306,17,14.9,5.6,5.9
2015,Illinois,12859995,1921835,40482,25722,1437223,466631,767944,89544,102976,5096,49354,255729,50295,13.6,11.1,4.3,5.9
2015,Rhode Island,1056298,152107,3610,2728,63240,20131,26435,10822,4678,825,2562,20043,50018,13.9,11.8,5,6
2010,Iowa,3049883,151480,4245,1858,55130,15480,19773,13306,5959,98,8333,68315,,,12.6,4.8,6
2015,South Carolina,4896146,271540,4417,4611,170649,54679,81289,12097,20128,987,24700,161245,38302,16.6,13.2,4.6,6
1980,Iowa,,,,,,,,,,,,,,,,,6
1990,Kentucky,,,,,,,,,,,,,,,,,6
1990,Montana,,,,,,,,,,,,,,,,,6
2010,Vermont,625960,33142,867,407,57794,29412,10593,7419,9754,158,815,14281,,,12.7,5.6,6.1
2014,Arkansas,2966369,158125,2793,1671,100883,13800,66912,8003,10958,584,14243,99018,37627,,19.2,7.4,6.1
2015,Alabama,4858979,199919,3928,2834,151470,54840,64318,13241,14891,2597,22952,144746,38030,18.5,17.6,7.3,6.1
2015,Arizona,6828065,999139,17997,13748,1690893,132198,1439910,31200,81371,4316,28012,207107,39156,17.4,14.9,6,6.1
2014,Washington,7061530,1041126,22710,12246,1141456,437673,544523,57107,78969,10476,20136,261706,50417,,12.9,4.8,6.1
1980,Florida,,,,,,,,,,,,,,,,,6.1
1980,Montana,,,,,,,,,,,,,,,,,6.1
1990,Florida,,,,,,,,,,,,,,,,,6.1
1990,Illinois,,,,,,,,,,,,,,,,,6.1
2014,Missouri,6063589,263033,6419,4250,153062,39128,72403,24709,14967,1228,26856,176237,41156,,15.2,6.7,6.2
2015,California,39144818,11128996,209568,155979,10609329,3187496,6553238,383503,418772,28140,166883,1024914,53741,15.3,12.6,4.5,6.2
1980,Nevada,,,,,,,,,,,,,,,,,6.2
1980,Utah,,,,,,,,,,,,,,,,,6.2
1980,Vermont,,,,,,,,,,,,,,,,,6.2
1990,Louisiana,,,,,,,,,,,,,,,,,6.2
2015,Louisiana,4670724,209179,4696,2956,337813,101918,189638,13858,23393,1344,25208,156629,42947,19.6,18.4,7.7,6.3
2014,North Carolina,9943964,848303,17152,11160,354083,113855,153911,31114,51311,2214,32767,285697,39412,,15.9,6.2,6.3
2014,Florida,19893297,4193163,109310,79637,9180841,2921085,5842313,105742,177134,19587,107521,679446,42919,,12.7,5.4,6.3
2014,New York,19746227,4666429,141406,77717,7419709,3924304,2783531,279165,322596,83023,75398,339282,56750,,14.1,4.9,6.3
1980,District of Columbia,,,,,,,,,,,,,,,,,6.3
1980,Georgia,,,,,,,,,,,,,,,,,6.3
1990,Massachusetts,,,,,,,,,,,,,,,,,6.3
1990,Rhode Island,,,,,,,,,,,,,,,,,6.3
1990,Texas,,,,,,,,,,,,,,,,,6.3
2010,Wyoming,564460,19925,452,229,20325,11275,4598,3022,1220,42,1104,13874,,,13.8,5.1,6.4
2014,South Carolina,4832482,271683,4233,4486,153556,55134,66857,11936,17746,693,24052,167217,36904,,13.2,4.6,6.4
2014,Louisiana,4649676,219130,4382,2616,310838,105653,160757,12390,21469,1227,23934,160824,41861,,18.4,7.7,6.4
2000,Alaska,,,,,,,,,,,,,,,,,6.4
2015,Alaska,738432,71096,1572,964,129399,66080,53831,2759,4440,656,5392,20806,56147,10.3,13.3,4.4,6.5
2015,Mississippi,2992333,87286,1587,946,46524,10514,21101,4912,8886,670,8254,84790,34771,22,20.8,7.9,6.5
2014,Kentucky,4413457,184674,5634,2663,92938,27816,33922,10889,19846,125,9340,99166,37103,,17.6,7.3,6.5
2014,Tennessee,6549352,366383,8507,4613,201536,67326,93206,15951,23669,766,39848,200447,40281,,15.1,6,6.5
2014,West Virginia,1850326,32667,783,415,19228,5157,6735,5280,1888,106,5588,37648,35820,,15,6.2,6.6
2015,New Mexico,2085109,217652,3626,2452,310227,17000,280377,5828,3267,3491,13681,77094,37938,20.4,14.4,5.7,6.6
2014,Connecticut,3596677,529310,11252,8336,228401,79647,92438,26145,28046,1327,8522,69070,66795,,13.1,6.3,6.6
1980,Arizona,,,,,,,,,,,,,,,,,6.6
1980,Maryland,,,,,,,,,,,,,,,,,6.6
1990,New Mexico,,,,,,,,,,,,,,,,,6.6
2015,West Virginia,1844128,37339,786,501,20494,4989,7323,5994,1951,164,6231,37251,36758,17.9,15,6.2,6.7
2014,New Mexico,2085572,224954,3359,2426,307393,18577,275819,6131,3294,3213,12459,73877,36700,,14.4,5.7,6.7
2015,Nevada,2890845,600563,11053,7900,2489732,803227,1658582,6308,17052,3277,20118,77137,41889,14.7,14.2,5.6,6.7
2014,New Jersey,8938175,2041450,51609,32939,1072628,373028,533938,48776,105255,5088,23346,154993,57797,,11.1,4.7,6.7
1980,South Carolina,,,,,,,,,,,,,,,,,6.7
2014,Alabama,4849377,193070,3685,1266,141337,53767,55696,12164,15293,2611,20727,154094,36974,,17.6,7.3,6.8
2010,Oklahoma,3761702,234685,4627,2678,94085,14430,59677,11789,6164,1371,17987,128126,,,15.3,6.6,6.8
2014,Oregon,3970239,434310,7379,4363,228228,85309,99442,23449,18034,494,9224,114305,41739,,16.1,6.6,6.8
2014,Arizona,6731484,1001625,16908,11268,1653321,134309,1410954,30259,70017,4433,26916,215240,38051,,14.9,6,6.8
1980,California,,,,,,,,,,,,,,,,,6.8
1990,Alabama,,,,,,,,,,,,,,,,,6.8
2014,Alaska,736732,68147,1505,1076,135859,67494,59352,2494,3944,537,4684,20334,54647,,13.3,4.4,6.9
2015,District of Columbia,672228,104729,2976,1684,517111,187677,209320,31228,16739,70783,8531,31435,73302,17.33,13.2,4.8,6.9
2010,Hawaii,1363621,274611,7037,3190,1568684,1429904,111358,11363,5661,4815,3574,45083,,,14,5.6,6.9
1980,Louisiana,,,,,,,,,,,,,,,,,6.9
1990,Arkansas,,,,,,,,,,,,,,,,,6.9
2010,Kansas,2859169,206935,5501,2492,87356,14166,53238,11263,6426,1583,10531,89015,,,14.4,5.5,7.1
2014,Georgia,10097343,1094524,23792,15242,671754,227892,332772,37408,61465,6907,38097,331316,38881,,14.9,5.6,7.1
2010,Virginia,8024617,1016682,28607,17815,413007,138206,152750,40851,37120,39044,17087,186196,,,9.2,3.2,7.1
2014,Illinois,12880580,1874694,36535,26224,1309781,462781,659525,82947,94481,5059,47663,267385,48566,,11.1,4.3,7.1
1980,Missouri,,,,,,,,,,,,,,,,,7.2
1980,New Jersey,,,,,,,,,,,,,,,,,7.2
1980,Rhode Island,,,,,,,,,,,,,,,,,7.2
1980,Wisconsin,,,,,,,,,,,,,,,,,7.2
1990,Alaska,,,,,,,,,,,,,,,,,7.2
2010,Montana,990898,27159,457,259,40996,24543,9127,4831,1915,89,2693,25169,,,14.1,5.6,7.3
2014,Michigan,9909877,690436,18185,11809,701387,187570,270038,74359,157408,1639,42348,202547,40989,,14.9,6.4,7.3
2010,Minnesota,5310584,406826,12408,9020,180794,72994,63873,22051,19672,479,12515,136431,,,10.6,4.8,7.4
1980,Mississippi,,,,,,,,,,,,,,,,,7.4
1980,Tennessee,,,,,,,,,,,,,,,,,7.4
1980,Texas,,,,,,,,,,,,,,,,,7.4
2000,District of Columbia ,,,,,,,,,,,,,,,,,7.4
2014,California,38802500,10932175,198379,140234,10102622,3048692,6254130,347904,375517,27519,153709,947192,51049,,12.6,4.5,7.5
1980,Idaho,,,,,,,,,,,,,,,,,7.5
1980,New York,,,,,,,,,,,,,,,,,7.5
2014,Mississippi,2994079,80753,1587,931,42733,10130,18833,4498,8111,578,8338,87462,34180,,20.8,7.9,7.6
1980,Arkansas,,,,,,,,,,,,,,,,,7.6
1980,Delaware,,,,,,,,,,,,,,,,,7.6
1980,Maine,,,,,,,,,,,,,,,,,7.6
1980,New Mexico,,,,,,,,,,,,,,,,,7.6
1990,Michigan,,,,,,,,,,,,,,,,,7.6
1990,Mississippi,,,,,,,,,,,,,,,,,7.6
2014,Rhode Island,1055173,149482,3297,2479,57539,18787,22635,10557,4259,922,2313,22935,4808,,11.8,5,7.7
2010,Maryland,5785982,864826,26450,16220,320696,99918,123862,34378,25984,31856,31620,173051,,,13,5.1,7.7
2014,District of Columbia,658893,101235,3169,1626,498628,193742,187921,29340,15995,69687,8199,34147,70463,,13.2,4.8,7.8
2010,Utah,2776469,246127,6085,2908,129933,55318,53727,12613,6611,619,5879,87880,,,14.8,4.8,7.8
2010,Alaska,713985,61083,1703,831,116789,85204,20693,5492,2743,650,4537,20259,,,12.1,4.4,7.9
2014,Nevada,2839099,589515,10089,7891,2293655,784616,1481769,5987,15785,3832,18045,74538,40538,,14.2,5.6,7.9
2010,Louisiana,4544228,196983,4397,2423,192748,79030,77366,10772,16796,946,24886,165357,,,15.7,4.8,8
1980,Kentucky,,,,,,,,,,,,,,,,,8
1980,Pennsylvania,,,,,,,,,,,,,,,,,8
2010,Maine,1327567,57070,1349,839,96052,33290,18477,20149,23062,132,1621,32934,,,14.9,7.1,8.1
2010,New Mexico,2065932,224300,3528,2205,544126,19537,507553,6877,5621,3065,12126,70742,,,15.2,5.9,8.1
2010,Texas,25257114,4369685,87750,49699,4739265,422127,3676824,225927,308716,23033,113231,951246,,,18.4,6.2,8.1
1980,Washington,,,,,,,,,,,,,,,,,8.1
2010,Arkansas,2921606,146621,2684,1275,48587,10198,21344,7111,9151,377,14735,103775,,,19.7,8.1,8.2
1980,Illinois,,,,,,,,,,,,,,,,,8.2
2010,Massachusetts,6557254,1037001,31069,21095,860717,452446,230201,113422,53156,3409,30553,153905,,,11.4,4.2,8.3
2010,Delaware,899769,78217,2198,1829,35936,13857,11644,5413,4130,474,5575,30963,,,11.6,4.9,8.4
1980,Ohio,,,,,,,,,,,,,,,,,8.4
2010,Pennsylvania,12709630,803767,24130,16143,432588,178220,136001,65384,45875,1893,46514,276023,,,12.3,4.8,8.5
1980,Oregon,,,,,,,,,,,,,,,,,8.5
1990,West Virginia,,,,,,,,,,,,,,,,,8.5
2010,New York,19392283,4453000,147999,67972,5722492,3439556,1591172,268910,298049,77074,75977,376161,,,13.2,5,8.6
2010,West Virginia,1853973,27313,729,550,15875,5323,4007,4724,1570,76,5830,41500,,,14.2,4.9,8.7
2010,Wisconsin,5691047,277928,6189,3864,130435,48767,46931,20934,12071,316,14142,142612,,,11.2,4.7,8.7
2010,Colorado,5049071,559956,12489,7165,482403,160542,277191,19700,20164,2072,16133,134992,,,14.1,5.8,8.7
1980,Alabama,,,,,,,,,,,,,,,,,8.9
2010,Idaho,1571450,100564,2556,1102,30337,12345,8825,3783,4385,631,3465,31286,,,14.3,5.3,9
2010,Connecticut,3577073,517448,12222,7452,213225,82008,72278,25404,29761,1581,10057,78386,,,13.4,4.9,9.1
2010,District of Columbia,604453,91006,2897,1319,372865,159450,109511,25009,12964,63164,8004,28756,,,12,4.5,9.4
2010,New Jersey,8801624,1924323,56920,33864,900765,361929,377571,47270,96933,5788,27055,183042,,,12.1,4.6,9.5
1980,West Virginia,,,,,,,,,,,,,,,,,9.5
2010,Missouri,5996231,265156,7151,4388,122628,36223,49291,22258,12796,867,27252,200414,,,16.7,7.6,9.6
1980,Alaska,,,,,,,,,,,,,,,,,9.6
2010,Tennessee,6356897,328247,8156,4229,138077,55974,48727,13248,18090,524,38921,232132,,,16.2,6.9,9.7
1980,Indiana,,,,,,,,,,,,,,,,,9.7
2010,Washington,6744496,977538,22283,16830,895444,397380,331837,43831,99239,3956,21101,249253,,,14.6,6.1,10
2010,Kentucky,4346266,163029,4930,2398,80499,28124,26515,8484,16252,407,10528,110709,,,15.6,6.2,10.2
2010,Ohio,11536182,522393,13585,8617,261630,89159,87386,40087,41070,1594,36366,374381,,,16.1,7.1,10.3
2010,Mississippi,2970036,72852,1709,967,28318,7725,9929,4152,5497,509,8003,88574,,,20.9,6.9,10.4
2010,Indiana,6490621,331053,8539,3866,145731,47151,50206,29738,16953,353,20389,197260,,,13.5,6.3,10.4
2010,Arizona,6413737,917835,18243,10340,1494581,127317,1215594,41439,95517,7954,26085,225893,,,14.9,6.4,10.4
2010,Illinois,12843166,1834392,37909,26180,873547,380932,352458,60042,67511,4504,55835,343989,,,13,4.5,10.4
2010,Alabama,4785298,198242,3740,2027,80400,26650,26716,9704,11968,2909,18056,168092,,,17.9,6.8,10.5
2010,Georgia,9712587,1029032,24833,18253,462403,188818,193560,26815,42640,5115,39072,352679,,,16.9,6.5,10.5
2010,Oregon,3838957,411895,7997,4910,150486,69674,48899,17520,12029,399,9655,115428,,,13.6,5.8,10.6
2010,North Carolina,9561558,790975,16112,9988,251703,94645,89467,25756,37651,1296,34653,328719,,,17,5.5,10.9
2010,Florida,18843326,3854632,107276,67484,6064266,2523218,3146923,86493,136350,16435,101969,669035,,,14.8,5.7,11.1
2010,Rhode Island,1052886,140703,4027,2078,49572,18256,15702,10484,3432,1031,2701,26910,,,15.4,5.5,11.2
2010,South Carolina,4636312,259345,4401,3081,104238,47193,28347,11708,14834,591,27648,180407,,,15.4,5.2,11.2
2010,California,37349363,10526896,208446,129354,8251404,2444096,5082597,264697,374422,22749,164133,981939,,,15.6,5.7,12.2
1980,Michigan,,,,,,,,,,,,,,,,,12.3
2010,Michigan,9877574,635001,18579,11162,999172,153011,143493,157678,536452,2923,48460,268201,,,13.4,5.3,12.6
2010,Nevada,2704642,542591,10803,6791,1481485,672516,781191,5653,11218,2381,17841,74932,,,16.6,6.7,13.5
1990,Connecticut,,,,,,,,,,,,,,,,,5.1
2003,Wyoming,,,253,111,,,,,,,,,,,,,
2004,Wyoming,,,304,146,,,,,,,,,,,,,
2005,Wyoming,,,321,134,16094,9580,2939,1699,1672,79,1172,16070,,,,,
2003,North Dakota,,,331,146,,,,,,,,,,,,,
2006,Wyoming,,,376,169,16972,9174,3321,2239,1978,98,1234,15350,,,,,
2007,Wyoming,,,380,190,19809,10136,3964,3097,2430,48,1251,14984,,,9.8,3.6,
2011,Wyoming,,,420,228,20896,10970,5040,2886,1756,73,1246,12877,,,13.8,5.1,
2012,Wyoming,,,427,220,19812,10293,5344,2705,1327,37,1161,13222,,,13.8,5.1,
2009,Wyoming,,,429,186,18994,10667,3617,3329,1181,57,1242,14354,,,9.8,3.6,
2013,Montana,1015165,27516,445,294,51189,28276,14925,4930,2692,64,2567,25953,,,12.2,5.6,
2004,Montana,,,452,285,,,,,,,,,,,,,
2003,Montana,,,453,81,,,,,,,,,,,,,
2008,Wyoming,,,458,245,21213,11583,3963,4066,1413,41,1236,14474,,,9.8,3.6,
2003,West Virginia,,,483,261,,,,,,,,,,,,,
2003,South Dakota,,,487,177,,,,,,,,,,,,,
2007,North Dakota,,,496,415,18471,11142,3742,2033,1361,46,911,12088,,,6.7,2.6,
2012,Montana,,,503,325,45993,26727,11122,5050,2560,101,2736,25970,,,14.1,5.6,
2006,Montana,,,505,225,34791,23380,5950,3510,1691,36,2397,25387,,,,,
2011,Montana,,,511,297,44801,25694,10349,5250,2639,408,2670,23155,,,14.1,5.6,
2013,Wyoming,582658,21337,522,242,22856,11025,7892,2477,1343,37,1195,12809,,,13.2,5.3,
2008,Montana,,,543,358,48116,32941,8191,4765,1776,50,2497,25182,,,12.4,5,
2003,Vermont,,,550,426,,,,,,,,,,,,,
2009,Montana,,,553,267,40381,27933,6732,4001,1257,60,2473,24024,,,12.4,5,
2007,Montana,,,575,251,42229,28297,7253,4181,1960,204,2754,26489,,,12.4,5,
2005,Montana,,,589,209,25000,15375,5137,2829,1370,99,2634,29407,,,,,
2004,North Dakota,,,591,267,,,,,,,,,,,,,
2004,West Virginia,,,634,237,,,,,,,,,,,,,
2006,North Dakota,,,649,329,14643,8318,3139,1902,1090,59,813,12719,,,,,
2008,North Dakota,,,662,336,29567,20001,5136,2587,1615,42,1068,12152,,,6.7,2.6,
2007,South Dakota,,,668,460,10677,5913,2068,1367,1190,26,1347,13156,,,11.2,4.8,
2007,West Virginia,,,721,310,15267,5954,3824,3779,1424,130,4987,45753,,,13.4,5.3,
2003,Mississippi,,,729,445,,,,,,,,,,,,,
2009,West Virginia,,,734,361,13851,5109,3650,3784,1058,111,5396,45981,,,13.4,5.3,
2004,South Dakota,,,747,257,,,,,,,,,,,,,
2013,West Virginia,1854304,34086,760,443,17590,4871,6067,5025,1494,75,5568,39013,,,15,6.2,
2006,West Virginia,,,763,390,14003,5661,3328,3584,1169,128,5087,47672,,,,,
2008,Vermont,,,771,518,57149,39935,8799,5695,2252,83,844,15771,,,13.6,6.2,
2008,South Dakota,,,773,572,11728,6608,2121,1645,1220,31,1620,13234,,,11.2,4.8,
2012,West Virginia,,,779,478,16728,5098,4851,5194,1404,87,5869,43878,,,14.2,4.9,
2007,Vermont,,,791,468,50015,33794,7700,5347,2775,58,772,14430,,,13.6,6.2,
2009,Vermont,,,792,426,51064,34695,8351,5642,1947,92,817,14931,,,13.6,6.2,
2008,West Virginia,,,798,505,15162,5917,3713,4151,1131,126,4968,46607,,,13.4,5.3,
2004,Vermont,,,814,419,,,,,,,,,,,,,
2011,West Virginia,,,830,348,16821,5331,4345,5231,1662,123,5861,42189,,,14.2,4.9,
2013,Vermont,626630,32119,838,496,65965,34034,16046,6263,9185,72,759,13875,,,11.4,5.1,
2009,North Dakota,,,843,273,25233,16053,4725,2896,1416,32,1298,12502,,,6.7,2.6,
2005,West Virginia,,,847,362,13368,5608,3157,3177,1178,105,4957,47696,,,,,
2005,North Dakota,,,864,203,10841,5409,2486,1624,1156,67,625,12595,,,,,
2012,Vermont,,,877,546,62857,31982,13498,6751,10198,82,893,15016,,,12.7,5.6,
2005,South Dakota,,,881,354,8990,4926,1614,1262,1085,14,1363,13784,,,,,
2006,Vermont,,,894,569,46098,31427,6949,4865,2589,54,852,14379,,,,,
2011,Vermont,,,943,431,64168,31303,12441,8010,11859,106,847,14464,,,12.7,5.6,
2011,North Dakota,,,948,369,47130,21127,9191,10183,5971,407,1689,13246,,,8.7,3.4,
2003,Maine,,,992,427,,,,,,,,,,,,,
2006,South Dakota,,,1013,342,10120,5614,1893,1240,1246,43,1340,12664,,,,,
2005,Vermont,,,1042,488,39396,26317,6045,4281,2507,68,746,14210,,,,,
2012,North Dakota,,,1144,377,48870,21450,10584,10192,6101,326,1712,14063,,,8.7,3.4,
2003,Alaska,,,1188,745,,,,,,,,,,,,,
2013,Maine,1328302,57543,1208,988,106407,37230,29514,18041,20618,212,1718,30447,,,15.8,7.4,
2013,South Dakota,844877,28403,1231,464,14885,6125,4481,2305,1693,187,2674,16177,,,11.5,4.5,
2013,North Dakota,723393,27407,1234,532,48037,19325,13954,7626,6567,316,1954,15148,,,8.5,2.9,
2004,Alaska,,,1261,777,,,,,,,,,,,,,
2009,South Dakota,,,1271,415,10537,5646,2106,1661,972,44,1508,13968,,,11.2,4.8,
2004,Mississippi,,,1312,557,,,,,,,,,,,,,
2004,Maine,,,1322,548,,,,,,,,,,,,,
2011,South Dakota,,,1337,420,13383,6305,3206,2445,1304,41,2094,14979,,,12.9,4.9,
2013,Alaska,735132,62071,1460,1083,131918,73177,50244,2390,3552,525,4708,21210,,,13.3,4.4,
2011,Maine,,,1467,999,119643,40633,24547,22931,30620,99,1636,33809,,,14.9,7.1,
2006,Mississippi,,,1480,495,25197,6395,7527,2952,7493,284,8691,93393,,,,,
2003,Delaware,,,1487,707,,,,,,,,,,,,,
2007,Maine,,,1488,728,50820,30068,8716,7036,4019,127,1554,31992,,,14.8,6.7,
2012,Maine,,,1497,941,108036,40380,25494,17639,23737,133,1631,33361,,,14.9,7.1,
2012,South Dakota,,,1521,467,13654,6261,3271,2402,1569,43,2682,17168,,,12.9,4.9,
2005,Alaska,,,1524,951,93296,63461,22462,2949,2127,615,4194,23975,,,,,
2008,Alaska,,,1534,1145,134165,96385,27287,4994,2604,656,4474,20124,,,12.9,4.6,
2006,Alaska,,,1554,831,100647,71415,20234,4363,2363,739,4610,24155,,,,,
2012,Mississippi,,,1583,972,33540,10005,12045,3887,6558,519,7786,83906,,,20.9,6.9,
2007,Mississippi,,,1593,657,29391,7781,8674,3464,8574,365,8502,93424,,,17.1,6.5,
2009,Alaska,,,1608,1100,103441,72453,21494,4914,2271,406,4421,20577,,,12.9,4.6,
2012,Alaska,,,1612,1186,126464,94502,22967,3612,2829,732,4412,20037,,,12.1,4.4,
2007,Alaska,,,1617,849,113347,77345,24934,5007,2762,811,4519,23098,,,12.9,4.6,
2008,Maine,,,1617,924,56276,35111,9167,8119,2947,107,1547,32285,,,14.8,6.7,
2009,Mississippi,,,1652,1170,24473,6932,7920,3678,5036,428,8304,87181,,,17.1,6.5,
2011,Mississippi,,,1666,965,33804,10500,11472,4427,6282,614,8036,90115,,,20.9,6.9,
2009,Maine,,,1675,729,52397,32534,8635,7300,2985,232,1579,31685,,,14.8,6.7,
2008,Mississippi,,,1679,944,27442,7501,8765,3921,6343,389,8373,86408,,,17.1,6.5,
2003,Idaho,,,1686,56,,,,,,,,,,,,,
2003,Alabama,,,1689,1182,,,,,,,,,,,,,
2004,Delaware,,,1705,982,,,,,,,,,,,,,
2013,Mississippi,2991207,77256,1716,973,38682,10112,16911,4072,6612,518,8214,81500,,,20.8,7.9,
2006,Maine,,,1717,802,46993,28418,7429,6563,3667,85,1526,33286,,,,,
2011,Alaska,,,1799,1115,118594,86198,21048,5960,2673,999,4383,19028,,,12.1,4.4,
2005,Mississippi,,,1829,520,23743,7438,6438,3001,5972,357,8131,95231,,,,,
2003,New Hampshire,,,1868,1027,,,,,,,,,,,,,
2003,Arkansas,,,1903,715,,,,,,,,,,,,,
2005,Maine,,,1907,772,40979,23829,6575,6673,3073,99,1483,31889,,,,,
2003,South Carolina,,,1942,1020,,,,,,,,,,,,,
2007,Idaho,,,2044,1261,29401,12761,8188,3223,4728,121,3589,33685,,,11.6,4.5,
2007,Delaware,,,2085,1094,37633,15456,11798,4249,5108,425,5960,29143,,,9.5,3.7,
2013,Idaho,1612136,108604,2120,1305,41208,15293,15186,5401,4592,547,3498,30055,,,13.8,5.1,
2004,District of Columbia ,,,2148,882,,,,,,,,,,,,,
2009,Delaware,,,2184,1545,31418,12499,10440,4068,3435,489,5635,29648,,,9.5,3.7,
2012,Delaware,,,2208,1456,36778,14437,12058,5096,4183,546,5020,30639,,,11.6,4.9,
2003,Louisiana,,,2214,1702,,,,,,,,,,,,,
2013,New Hampshire,1323459,85365,2227,1589,60918,28268,17054,8772,6376,218,2849,29040,,,10.1,4.3,
2004,Alabama,,,2247,734,,,,,,,,,,,,,
2006,Delaware,,,2263,1187,34511,14653,10116,4433,4455,351,5817,29171,,,,,
2007,New Hampshire,,,2272,1821,61981,33996,12948,8100,6142,287,1807,24896,,,8.9,3.9,
2004,New Hampshire,,,2280,958,,,,,,,,,,,,,
2004,Arkansas,,,2288,823,,,,,,,,,,,,,
2008,Delaware,,,2295,1425,37992,15431,12471,4293,4858,437,6141,31303,,,9.5,3.7,
2004,Idaho,,,2299,864,,,,,,,,,,,,,
2013,Delaware,925749,82572,2325,1460,40880,14377,15165,5253,4694,964,4549,28379,,,11.9,3.2,
2003,New Mexico,,,2336,993,,,,,,,,,,,,,
2011,Delaware,,,2355,1470,38864,16093,12068,5148,4463,699,5075,30939,,,11.6,4.9,
2006,Idaho,,,2377,980,26975,12037,7455,2887,4048,166,3625,35471,,,,,
2003,Oklahoma,,,2385,1573,,,,,,,,,,,,,
2012,Idaho,,,2428,1384,35330,14180,10771,4803,4889,413,3318,31651,,,14.3,5.3,
2005,District of Columbia ,,,2457,939,316687,140253,89503,17033,12353,55593,8032,26133,,,,,
2008,New Hampshire,,,2466,1617,62977,35528,13002,8508,5249,171,2069,27526,,,8.9,3.9,
2012,New Hampshire,,,2466,1507,58968,28584,14108,9451,6367,179,2481,30693,,,9.9,4.3,
2011,New Hampshire,,,2478,1607,60763,29711,13346,10287,6928,170,2478,30106,,,9.9,4.3,
2009,New Hampshire,,,2483,1492,55558,31709,11274,7719,4328,142,2114,28624,,,8.9,3.9,
2003,District of Columbia ,,,2491,852,,,,,,,,,,,,,
2003,Rhode Island,,,2492,1620,,,,,,,,,,,,,
2007,District of Columbia,,,2541,1334,325881,139512,96185,19136,12687,56121,8320,28908,,,12.9,4.5,
2011,Idaho,,,2602,1473,34121,13823,10602,4376,4566,462,3184,32787,,,14.3,5.3,
2008,District of Columbia,,,2652,1492,357198,156721,105844,20552,12866,58693,8509,30211,,,12.9,4.5,
2004,South Carolina,,,2672,1748,,,,,,,,,,,,,
2006,Louisiana,,,2693,1336,87185,22528,35497,6803,15193,877,29919,171239,,,,,
2005,Arkansas,,,2698,990,34789,8299,13105,3815,8535,213,14659,112775,,,,,
2007,Arkansas,,,2722,1214,44223,9947,18401,4811,10381,207,15007,112061,,,17.7,6.4,
2011,District of Columbia,,,2724,1016,396615,173493,120402,25380,13043,62124,7429,29636,,,12,4.5,
2008,Idaho,,,2766,2240,31089,13931,8659,3287,4602,282,3483,32019,,,11.6,4.5,
2005,Idaho,,,2768,1097,24433,11439,6391,2621,3562,65,3670,38556,,,,,
2012,Arkansas,,,2795,1605,57767,13393,25963,7358,10465,237,13835,107941,,,19.7,8.1,
2012,District of Columbia,,,2811,1958,405915,174931,127457,24470,13184,63909,7864,30736,,,12,4.5,
2003,Nebraska,,,2827,789,,,,,,,,,,,,,
2011,Arkansas,,,2874,1559,55925,12902,24486,7738,10236,242,14129,110295,,,19.7,8.1,
2013,Arkansas,2959373,151552,2900,1567,70201,13770,38268,7413,10157,281,13621,106613,,,19.2,7.4,
2006,Arkansas,,,2924,1133,39848,8510,16435,4322,9757,141,15506,111521,,,,,
2009,District of Columbia,,,2934,2188,344761,151143,98239,20554,13564,58964,8071,28456,,,12.9,4.5,
2009,Arkansas,,,2942,1648,38720,8808,16071,5850,7308,313,14959,109038,,,17.7,6.4,
2013,District of Columbia,646449,102469,2981,1854,434495,174944,152239,26336,14277,64751,8406,31083,,,13.2,4.8,
2006,New Hampshire,,,2987,2483,57196,31750,11682,7720,5513,148,1824,24642,,,,,
2005,Delaware,,,2991,945,31030,13489,9111,3985,3688,294,5332,26245,,,,,
2005,Nebraska,,,2996,1365,23829,8277,8885,3993,1997,256,5048,60207,,,,,
2008,Arkansas,,,2997,2330,44189,9997,18067,5671,9668,319,14374,109508,,,17.7,6.4,
2004,Nebraska,,,3002,1537,,,,,,,,,,,,,
2003,Kentucky,,,3038,1543,,,,,,,,,,,,,
2007,Nebraska,,,3066,2188,27999,8764,11657,4532,2500,196,5367,56102,,,12.2,4.8,
2004,New Mexico,,,3076,1449,,,,,,,,,,,,,
2004,Louisiana,,,3095,1458,,,,,,,,,,,,,
2007,Iowa,,,3103,2093,49997,17130,17596,8628,5969,95,8805,78154,,,11.5,5,
2007,New Mexico,,,3112,1704,250413,20601,217933,4614,3688,2464,13085,73394,,,14.7,4.7,
2009,Idaho,,,3120,1674,27919,12346,7985,2961,3787,523,3530,30741,,,11.6,4.5,
2003,Utah,,,3159,1682,,,,,,,,,,,,,
2005,New Hampshire,,,3298,971,54291,30359,10468,7315,5491,215,1729,23532,,,,,
2013,Rhode Island,1051511,145643,3337,2816,54676,18776,20367,10500,3976,728,2705,25678,,,11.8,5,
2007,Rhode Island,,,3354,2088,49530,21403,15592,7418,3354,945,2404,27743,,,13.7,5.4,
2003,Tennessee,,,3367,2011,,,,,,,,,,,,,
2007,Alabama,,,3393,1343,76855,24959,25758,10440,11236,2048,20732,183798,,,15,6.8,
2003,Iowa,,,3419,1123,,,,,,,,,,,,,
2007,Louisiana,,,3475,2240,138693,44488,54006,8318,22929,674,31317,174991,,,10,3.3,
2008,New Mexico,,,3509,3058,226477,21677,192964,4598,3869,2563,12896,77572,,,14.7,4.7,
2005,New Mexico,,,3513,1401,152868,19183,123765,3434,2804,2864,13541,79995,,,,,
2004,Oklahoma,,,3578,1765,,,,,,,,,,,,,
2013,New Mexico,2085287,232368,3664,2371,587505,18074,552203,7057,5885,2949,12782,77256,,,14.4,5.7,
2008,Nebraska,,,3668,2866,29143,8785,12248,4865,2621,269,5416,51338,,,12.2,4.8,
2011,Rhode Island,,,3681,2682,50912,18943,16617,10475,3447,856,2602,28141,,,15.4,5.5,
2008,Iowa,,,3696,3503,52055,17043,18109,9701,6525,115,8520,72689,,,11.5,5,
2012,New Mexico,,,3714,2689,570067,18473,534742,6861,6489,2305,11660,75094,,,15.2,5.9,
2008,Rhode Island,,,3735,3721,50476,21984,15589,8161,3030,956,2621,29849,,,13.7,5.4,
2004,Rhode Island,,,3740,2185,,,,,,,,,,,,,
2011,New Mexico,,,3767,2434,630960,18796,593748,7149,7160,2689,11817,73534,,,15.2,5.9,
2006,District of Columbia ,,,3775,1089,312585,135238,90715,17980,12384,54653,8772,27063,,,,,
2005,Louisiana,,,3776,1700,173047,85009,59886,8044,11405,1323,26889,166611,,,,,
2006,Nebraska,,,3795,1797,25483,8445,9924,4323,2212,193,4983,59075,,,,,
2012,Rhode Island,,,3798,2854,51755,18710,17572,10696,3346,922,2651,27017,,,15.4,5.5,
2003,Kansas,,,3804,1897,,,,,,,,,,,,,
2006,New Mexico,,,3805,1538,176951,18795,147305,3701,3839,2554,12572,76956,,,,,
2004,Kentucky,,,3820,1307,,,,,,,,,,,,,
2013,Alabama,4833722,196041,3848,1811,126745,55656,41505,10646,14830,2263,20826,161993,,,17.6,7.3,
2005,Rhode Island,,,3852,2604,43926,19776,13939,5908,2826,789,2703,29260,,,,,
2012,Alabama,,,3873,2084,105711,49235,28688,9986,13743,2409,21693,168878,,,17.9,6.8,
2008,Alabama,,,3877,1982,81349,25877,27410,9947,13181,2284,21111,190343,,,15,6.8,
2009,New Mexico,,,3887,3062,245265,19169,214102,4909,3819,2458,12440,75078,,,14.7,4.7,
2009,Alabama,,,3891,1775,69010,23517,22640,8578,9465,2418,21179,177629,,,15,6.8,
2012,South Carolina,,,3924,4124,111489,49785,33006,11029,15802,700,26397,180550,,,15.4,5.2,
2009,Iowa,,,3963,2198,46881,15263,15487,10504,5158,68,8397,69441,,,11.5,5,
2009,Nebraska,,,3989,1644,27457,8164,11298,4925,2490,248,5059,49614,,,12.2,4.8,
2008,Louisiana,,,4011,3018,157775,54497,63281,9393,21750,781,28944,168630,,,10,3.3,
2011,Alabama,,,4063,2439,110896,54448,28323,10174,13197,2487,20174,173190,,,17.9,6.8,
2004,Iowa,,,4067,1314,,,,,,,,,,,,,
2006,Iowa,,,4085,805,43543,15900,14399,8158,4434,94,8455,83579,,,,,
2013,Iowa,3090416,162616,4105,2503,69959,17976,29676,14402,7314,233,8388,67800,,,10.6,4.5,
2004,Kansas,,,4139,2093,,,,,,,,,,,,,
2013,Nebraska,1868516,136674,4141,2418,312883,188243,105796,9599,7300,1408,4897,49018,,,14.8,5.6,
2007,Kansas,,,4141,2406,73857,15647,40640,8837,6889,1172,12566,102120,,,14.2,4.8,
2009,Rhode Island,,,4156,2458,45335,19246,13690,8392,2669,736,2660,27497,,,13.7,5.4,
2005,Alabama,,,4200,795,75127,28715,23403,7508,11707,1778,19678,177393,,,,,
2011,South Carolina,,,4216,4033,109604,49350,31129,11876,15435,499,26760,182685,,,15.4,5.2,
2011,Louisiana,,,4226,2496,199497,86876,76018,10648,16975,846,25406,168744,,,15.7,4.8,
2008,South Carolina,,,4241,3488,117944,58049,30207,11957,15342,487,32691,189683,,,13.5,5,
2013,South Carolina,4774839,270687,4266,4770,131490,52576,49228,11350,16576,616,24278,173049,,,13.2,4.6,
2007,Oklahoma,,,4269,1812,74028,15619,40859,10180,6119,595,18072,127562,,,15.2,6.5,
2006,Alabama,,,4277,1946,71983,23407,24019,8957,11517,1857,19557,181021,,,,,
2006,Kansas,,,4277,2509,61161,14155,31489,7872,5985,966,11748,103658,,,,,
2009,Louisiana,,,4299,3402,136242,50693,54365,9245,14688,644,27849,170456,,,10,3.3,
2008,Oklahoma,,,4306,3335,74576,16171,39964,10802,6351,702,19184,125384,,,15.2,6.5,
2007,Kentucky,,,4340,2256,79612,32670,22359,7067,16426,343,12513,106813,,,13.4,5,
2004,Utah,,,4346,3110,,,,,,,,,,,,,
2013,Louisiana,4625470,206418,4355,2543,252353,93384,120153,10648,18478,994,23984,165686,,,18.4,7.7,
2003,Wisconsin,,,4357,2775,,,,,,,,,,,,,
2012,Nebraska,,,4384,2039,198744,172559,16293,6097,3092,312,4814,51118,,,13.4,5,
2012,Louisiana,,,4454,2344,194437,81725,77179,9555,17294,820,22868,162936,,,15.7,4.8,
2011,Oklahoma,,,4503,2966,103382,15618,67822,12067,6157,1296,17243,127252,,,15.3,6.6,
2005,Kansas,,,4512,1814,56167,13883,27855,7404,5410,848,10634,103941,,,,,
2005,Iowa,,,4535,234,40381,15520,13001,7591,3678,105,8642,84056,,,,,
2011,Nebraska,,,4535,1876,185641,160191,15793,5899,3023,233,4665,50726,,,13.4,5,
2006,Oklahoma,,,4590,2246,65802,14675,35420,9355,5032,528,17803,129002,,,,,
2011,Iowa,,,4624,1840,60538,17399,22144,14046,6421,107,7826,71361,,,12.6,4.8,
2012,Oklahoma,,,4646,3133,107732,15930,71534,12112,6290,1305,17902,129743,,,15.3,6.6,
2013,Oklahoma,3850568,249097,4648,3487,126349,16731,88705,12615,6687,1193,16989,126057,,,15.5,6.4,
2012,Iowa,,,4679,2255,63247,18198,24066,13745,6613,170,8112,69839,,,12.6,4.8,
2005,Oklahoma,,,4702,1799,58653,14294,29318,8925,4730,498,18044,143406,,,,,
2009,South Carolina,,,4747,3506,95215,46783,25029,9572,12050,414,30596,177369,,,13.5,5,
2006,Rhode Island,,,4778,2266,45648,20167,14426,6903,2889,662,2429,27618,,,,,
2007,South Carolina,,,4788,1499,117471,57563,30067,11168,16183,570,34746,188282,,,13.5,5,
2003,Hawaii,,,4899,2287,,,,,,,,,,,,,
2012,Kansas,,,4980,2905,92356,14766,57623,11882,6460,1182,10232,90710,,,14.4,5.5,
2013,Kansas,2893957,217299,5000,2761,103292,15700,67173,11940,6909,1142,9838,85280,,,14.6,5.5,
2009,Oklahoma,,,5007,2256,69662,14344,38827,9714,5659,612,18474,131769,,,15.2,6.5,
2005,South Carolina,,,5028,916,98527,52361,22554,8133,13366,468,32384,184646,,,,,
2005,Utah,,,5082,2874,94699,46864,34435,6807,5279,552,5612,95546,,,,,
2011,Kansas,,,5086,2687,94425,14979,59329,11725,6674,1273,10162,88438,,,14.4,5.5,
2013,Kentucky,4395295,173930,5159,3341,93191,28336,35383,10435,18493,157,9222,103857,,,17.6,7.3,
2007,Utah,,,5168,2777,121771,54644,48158,8990,8503,566,6210,92594,,,11.8,4.9,
2003,Indiana,,,5241,2725,,,,,,,,,,,,,
2012,Kentucky,,,5243,2686,81974,26479,28384,9977,16521,151,9752,111826,,,15.6,6.2,
2009,Kentucky,,,5260,2390,65307,24484,18658,6823,14626,226,11159,108401,,,13.4,5,
2005,Kentucky,,,5265,1820,68428,29087,18517,6453,13347,321,11134,105608,,,,,
2006,South Carolina,,,5291,2940,108650,55714,26634,9450,14497,635,33078,183322,,,,,
2008,Kentucky,,,5315,3093,82221,33769,23102,7037,17248,389,12646,110314,,,13.4,5,
2009,Kansas,,,5319,3129,69651,14132,38122,9795,5822,1205,11278,90420,,,14.2,4.8,
2008,Kansas,,,5344,4072,73008,16464,38686,9553,6425,1225,11505,94635,,,14.2,4.8,
2011,Kentucky,,,5403,2778,81918,27554,27343,9770,16577,218,10406,118358,,,15.6,6.2,
2013,Utah,2900872,262879,5503,3026,157969,59879,75725,13373,7930,490,6498,85586,,,11.9,4.5,
2006,Kentucky,,,5504,2049,70731,29790,19428,6701,13892,289,11063,107023,,,,,
2004,Wisconsin,,,5580,3570,,,,,,,,,,,,,
2006,Utah,,,5749,2740,104196,50962,37846,7722,6314,544,5722,89671,,,,,
2004,Tennessee,,,5844,2613,,,,,,,,,,,,,
2013,Wisconsin,5742713,302505,5918,4532,157128,52046,67843,22240,14090,276,15961,125688,,,11.3,4.7,
2012,Utah,,,5932,3848,145433,61671,62086,13454,6995,523,5876,85424,,,14.8,4.8,
2012,Wisconsin,,,6049,4379,141410,51157,54148,21478,13436,288,16064,140513,,,11.2,4.7,
2008,Utah,,,6087,5394,129441,59115,48720,10645,9466,624,6070,91873,,,11.8,4.9,
2003,Missouri,,,6160,3255,,,,,,,,,,,,,
2013,Hawaii,1404054,273538,6226,3494,2261576,1982254,252835,11077,6834,4315,3533,42875,,,9.7,3,
2011,Wisconsin,,,6245,4434,138809,49932,52208,21713,13722,288,13532,138949,,,11.2,4.7,
2004,Indiana,,,6262,2455,,,,,,,,,,,,,
2003,Nevada,,,6336,4095,,,,,,,,,,,,,
2013,Missouri,6044171,265908,6345,4817,149231,38201,73022,23475,13012,910,26197,189606,,,15.2,6.7,
2004,Hawaii,,,6405,2050,,,,,,,,,,,,,
2011,Utah,,,6426,3595,135495,54727,58736,13309,7485,559,5494,83758,,,14.8,4.8,
2007,Missouri,,,6459,4237,117467,39929,45483,16112,13869,814,29682,219759,,,15,6.4,
2009,Utah,,,6466,2823,108182,47839,41700,10585,6639,553,5924,91205,,,11.8,4.9,
2005,Hawaii,,,6480,4663,1787138,1650266,99437,10579,6633,3639,3253,61115,,,,,
2008,Hawaii,,,6572,5205,1518771,1369082,120071,12098,6771,4580,3512,46004,,,11.4,3.9,
2012,Missouri,,,6635,4794,130308,35064,58654,22284,12579,1042,27155,199590,,,16.7,7.6,
2007,Indiana,,,6639,3652,139226,51452,47805,22012,16216,379,21165,215526,,,12.3,4.8,
2009,Wisconsin,,,6727,3845,114368,47315,38032,17914,9730,207,14533,147486,,,11.4,4.4,
2012,Hawaii,,,6764,3144,1969089,1785923,156521,10450,6134,6124,3330,42817,,,14,5.6,
2006,Missouri,,,6852,3711,101566,35431,37712,14255,12066,893,31880,223570,,,,,
2005,Indiana,,,6913,2650,125191,49477,41570,18286,14364,286,20302,216778,,,,,
2009,Hawaii,,,6929,3744,1356835,1238878,91771,11219,5763,4321,3559,47419,,,11.4,3.9,
2003,Oregon,,,6946,4300,,,,,,,,,,,,,
2011,Missouri,,,7048,4175,128921,35793,55827,22758,12868,836,26889,198882,,,16.7,7.6,
2004,Missouri,,,7050,3999,,,,,,,,,,,,,
2008,Missouri,,,7078,5849,118427,40269,45309,17649,13242,882,29819,216585,,,15,6.4,
2009,Missouri,,,7142,4526,104332,34781,38556,17848,11169,926,29444,202698,,,15,6.4,
2013,Oregon,3930065,428330,7171,5784,205807,82962,82977,22250,16052,319,9984,124737,,,16.1,6.6,
2007,Hawaii,,,7236,4521,1596336,1448198,118541,11610,7282,3914,3501,54228,,,11.4,3.9,
2011,Hawaii,,,7296,3450,1666432,1510730,130985,10925,5486,4131,3949,45889,,,14,5.6,
2008,Wisconsin,,,7306,5200,133090,55378,45931,18004,12137,252,15421,155127,,,11.4,4.4,
2007,Wisconsin,,,7381,4485,130232,53530,44946,17685,12389,267,16296,158959,,,11.4,4.4,
2006,Hawaii,,,7499,5276,1669783,1521928,111655,11510,6932,4073,3615,54382,,,,,
2013,Indiana,6570902,347825,7668,4369,192018,55340,81235,35128,19094,447,23487,187536,,,14.8,6.1,
2011,Oregon,,,7694,5657,169586,77018,56799,19434,14291,443,9586,120594,,,13.6,5.8,
2012,Oregon,,,7791,5872,175845,78079,61736,20595,13724,344,9653,125723,,,13.6,5.8,
2007,Oregon,,,7905,5572,138274,62001,48973,12666,12523,304,10777,132143,,,13.9,6.6,
2005,Wisconsin,,,7907,4040,113346,50763,35528,15169,10275,298,13371,147275,,,,,
2008,Indiana,,,8028,5104,144044,53068,48840,23953,16466,407,21283,212715,,,12.3,4.8,
2006,Indiana,,,8122,3885,127523,47302,43763,20167,14698,390,19876,221127,,,,,
2011,Indiana,,,8262,4085,166306,54203,59849,32198,18610,476,21626,206055,,,13.5,6.3,
2003,Connecticut,,,8274,4284,,,,,,,,,,,,,
2011,Tennessee,,,8279,5396,150363,60875,55523,13108,19463,438,38944,230261,,,16.2,6.9,
2006,Wisconsin,,,8339,3247,119990,51661,40067,15973,10775,269,15783,156571,,,,,
2008,Tennessee,,,8348,5560,140162,62515,48663,11208,16120,431,44897,251245,,,15.1,5.3,
2012,Indiana,,,8359,4146,173860,54863,65747,33072,18967,279,22602,198032,,,13.5,6.3,
2013,Tennessee,6495978,349737,8380,5004,180616,62627,80512,14390,21661,550,38364,206629,,,15.1,6,
2003,Minnesota,,,8406,6226,,,,,,,,,,,,,
2004,Oregon,,,8540,3612,,,,,,,,,,,,,
2012,Tennessee,,,8573,5557,156786,62892,60026,13545,18926,491,41550,217664,,,16.2,6.9,
2005,Missouri,,,8742,2733,106655,41120,39283,13239,10672,1102,30477,227809,,,,,
2004,Nevada,,,8798,4622,,,,,,,,,,,,,
2007,Tennessee,,,8942,2927,144007,65490,48604,11363,16866,349,46380,251724,,,15.1,5.3,
2005,Tennessee,,,8960,3578,121268,60305,35873,10025,13480,283,44891,254948,,,,,
2009,Oregon,,,9026,5051,124026,60055,38126,14051,9898,350,9744,113511,,,13.9,6.6,
2008,Oregon,,,9028,9257,145959,67588,50242,13562,12377,342,9747,124397,,,13.9,6.6,
2009,Tennessee,,,9042,4938,118372,51920,39498,11026,14309,619,42041,236365,,,15.1,5.3,
2009,Indiana,,,9087,4261,123505,42907,41173,24218,13767,306,21404,200160,,,12.3,4.8,
2006,Oregon,,,9188,4332,127637,59404,43633,11385,10798,340,10373,135895,,,,,
2003,North Carolina,,,9451,3577,,,,,,,,,,,,,
2005,Oregon,,,9623,4777,124970,61391,40060,10296,10541,325,10444,160199,,,,,
2003,Ohio,,,9787,2764,,,,,,,,,,,,,
2005,Nevada,,,9823,5901,1004080,604107,379903,6052,8489,1475,14654,102424,,,,,
2013,Nevada,2790136,563295,9886,8507,2128680,747467,1356664,5015,14145,2602,16824,79177,,,14.2,5.6,
2006,Tennessee,,,10037,3334,127584,58974,41590,10864,14553,415,45907,249297,,,,,
2012,Nevada,,,10343,7667,1793376,731604,1037436,4960,12746,2646,16763,77510,,,16.6,6.7,
2011,Nevada,,,10449,8519,1729040,704670,1000019,5409,12152,2224,15309,69731,,,16.6,6.7,
2003,Colorado,,,10661,4833,,,,,,,,,,,,,
2003,Georgia,,,10794,11068,,,,,,,,,,,,,
2003,Arizona,,,10955,7218,,,,,,,,,,,,,
2013,Connecticut,3596080,536581,10985,9253,218108,77465,84875,25163,28297,1290,9440,70990,,,13.1,6.3,
2004,North Carolina,,,11036,5084,,,,,,,,,,,,,
2007,Colorado,,,11039,7829,420822,161175,213073,17130,25512,1513,16906,146141,,,12.2,5.2,
2013,Colorado,5268367,567345,11108,6263,559247,172192,336402,23335,23409,2273,16226,140057,,,12.5,5.1,
2004,Colorado,,,11255,6007,,,,,,,,,,,,,
2008,Nevada,,,11768,13150,1299009,696242,569520,7500,12093,2292,18837,89640,,,12.8,4.9,
2005,Colorado,,,11975,5681,322198,143902,142447,12907,18703,1433,18498,188449,,,,,
2004,Ohio,,,12072,8590,,,,,,,,,,,,,
2004,Minnesota,,,12097,7713,,,,,,,,,,,,,
2008,Connecticut,,,12190,9589,231819,98385,76310,22360,31659,1085,10427,86087,,,11.4,4.6,
2012,Connecticut,,,12237,8332,212981,77372,76553,26375,29764,1356,10160,76834,,,13.4,4.9,
2007,Nevada,,,12308,8363,1182712,626821,518839,8347,12018,1737,19257,96916,,,12.8,4.9,
2009,Nevada,,,12334,8470,1089367,583490,482271,5835,9893,2297,18559,80763,,,12.8,4.9,
2004,Connecticut,,,12335,5957,,,,,,,,,,,,,
2011,Minnesota,,,12389,11044,202958,81943,72915,24326,21930,463,11825,136264,,,10.6,4.8,
2011,Connecticut,,,12577,8370,213844,79553,73632,26823,30635,1554,9767,77609,,,13.4,4.9,
2006,Colorado,,,12713,5526,355991,150214,165369,14796,21925,1519,18616,164054,,,,,
2008,Colorado,,,12741,11972,421955,179877,194596,20114,23513,1712,16946,140725,,,12.2,5.2,
2013,Minnesota,5420380,437188,12781,10526,232836,84770,100279,22793,22578,456,12705,131195,,,9.9,3.8,
2009,Colorado,,,12841,6813,380741,152099,186667,21062,17317,1510,16976,133968,,,12.2,5.2,
2007,Connecticut,,,12932,4552,227032,94747,74380,21583,32892,1156,8965,84052,,,11.4,4.6,
2012,Minnesota,,,12999,12016,205661,83034,75170,24221,21563,446,12419,138152,,,10.6,4.8,
2012,Colorado,,,13327,7726,493617,170009,277379,22490,20011,2166,16023,139270,,,14.1,5.8,
2003,Michigan,,,13515,5191,,,,,,,,,,,,,
2011,Colorado,,,13547,7805,524967,180450,299028,21022,20585,2057,16383,133361,,,14.1,5.8,
2009,Connecticut,,,13632,10421,200576,84342,66583,21099,25668,1042,10508,82181,,,11.4,4.6,
2007,Minnesota,,,13814,9124,174279,79142,59309,15707,17878,398,15003,157829,,,10.5,4.1,
2013,Ohio,11570808,534389,13819,10664,317313,95715,123996,46675,47973,1549,33121,338731,,,16.1,6.6,
2011,Ohio,,,13857,9326,285414,95633,95994,43808,46733,1423,35484,387297,,,16.1,7.1,
2012,Ohio,,,13948,10194,293109,95408,103851,44027,46510,1567,34595,359883,,,16.1,7.1,
2007,Ohio,,,14078,9250,265415,105194,89009,28899,38650,1261,39360,396209,,,14.8,6.1,
2008,Ohio,,,14595,11142,263702,103993,88169,30804,37156,1361,39997,391862,,,14.8,6.1,
2003,Pennsylvania,,,14606,9443,,,,,,,,,,,,,
2006,Nevada,,,14713,8202,1067921,597841,442774,8080,10409,1443,18508,102036,,,,,
2008,North Carolina,,,15174,8509,264875,107792,92709,23873,36015,1190,43099,372961,,,14.8,5,
2005,Connecticut,,,15334,8169,204608,89323,64568,17971,30045,1032,9635,89794,,,,,
2009,Ohio,,,15375,8072,222459,84892,73924,30102,30338,1201,38332,377553,,,14.8,6.1,
2005,Minnesota,,,15449,7383,149451,72074,47857,13871,13639,322,15243,158301,,,,,
2007,North Carolina,,,15469,6606,260616,105130,91526,23027,36607,1247,42262,370354,,,14.8,5,
2008,Minnesota,,,15832,9220,181017,81848,61596,17271,18017,521,13717,148810,,,10.5,4.1,
2013,Arizona,6626624,962877,16097,13165,1952808,133268,1616793,38441,151794,7232,27599,225243,,,14.9,6,
2006,Ohio,,,16585,8796,243902,98603,80041,26302,35736,1059,40209,422235,,,,,
2004,Georgia,,,16681,6880,,,,,,,,,,,,,
2005,North Carolina,,,16710,5862,224801,96034,72958,19349,32343,1203,40650,353855,,,,,
2013,North Carolina,9848060,827506,16798,12150,314486,106890,130155,28671,45042,1850,33700,308049,,,15.9,6.2,
2005,Ohio,,,16892,9415,234788,98473,74444,24486,33964,1242,40273,419899,,,,,
2013,Michigan,9895622,678121,16952,12950,1040327,204464,253280,135086,439146,2050,44523,230334,,,14.9,6.4,
2012,North Carolina,,,17487,11848,283962,108032,103948,27445,41072,1712,34464,328594,,,17,5.5,
2012,Michigan,,,17494,11069,1158744,210973,192729,162520,585640,2888,44922,250101,,,13.4,5.3,
2007,Arizona,,,17528,12091,934518,128937,721801,20247,54052,2858,30600,279794,,,14.5,5.3,
2011,North Carolina,,,17571,11360,272111,104172,97292,26815,40361,1418,33774,340562,,,17,5.5,
2003,Maryland,,,17770,13836,,,,,,,,,,,,,
2003,Washington,,,17935,11787,,,,,,,,,,,,,
2008,Michigan,,,17947,14634,405047,168483,128207,37591,66336,991,50166,293585,,,13.4,5,
2009,Minnesota,,,18020,9089,155386,68064,52847,17166,15263,426,12842,139083,,,10.5,4.1,
2006,Minnesota,,,18249,9137,158805,74873,51840,14489,15528,359,16123,159119,,,,,
2011,Michigan,,,18347,10414,1338947,206284,178411,204550,739786,3745,43983,257979,,,13.4,5.3,
2012,Arizona,,,18434,13090,1749492,135259,1440788,40255,120380,6884,28108,231930,,,14.9,6.4,
2009,North Carolina,,,18562,16294,227639,90417,78964,22277,31985,1282,37929,344098,,,14.8,5,
2006,Connecticut,,,18697,7231,212993,91155,68402,19605,31126,1105,9841,87764,,,,,
2007,Michigan,,,18727,10678,406377,172704,128516,33468,67186,739,53988,308775,,,13.4,5,
2004,Pennsylvania,,,18813,10205,,,,,,,,,,,,,
2004,Michigan,,,18851,14615,,,,,,,,,,,,,
2009,Michigan,,,18919,10703,342745,127063,100815,41250,69649,1082,49547,282918,,,13.4,5,
2005,Arizona,,,18986,6785,571874,130597,404571,12696,18164,2225,30478,287345,,,,,
2006,North Carolina,,,18987,12592,235417,97906,80049,20601,33106,979,42124,364960,,,,,
2004,Arizona,,,19507,6500,,,,,,,,,,,,,
2003,Virginia,,,19726,9583,,,,,,,,,,,,,
2004,Washington,,,19758,12667,,,,,,,,,,,,,
2003,Massachusetts,,,20127,11461,,,,,,,,,,,,,
2011,Arizona,,,20333,12784,1800715,133375,1453335,48571,151038,8339,26311,230422,,,14.9,6.4,
2004,Maryland,,,20549,12295,,,,,,,,,,,,,
2008,Arizona,,,20638,24055,1002557,139995,704436,21993,127654,3074,29059,278920,,,14.5,5.3,
2006,Michigan,,,20907,11675,373108,161677,114924,30404,61973,800,56778,324351,,,,,
2009,Arizona,,,20997,12377,915169,123765,658702,23041,101078,3373,26929,234582,,,14.5,5.3,
2006,Arizona,,,21529,9707,769491,126907,588981,16341,28915,2589,30916,285370,,,,,
2004,Virginia,,,22104,13478,,,,,,,,,,,,,
2007,Washington,,,22657,14671,646458,338944,219214,30168,42638,2958,21546,260729,,,14,5.8,
2007,Pennsylvania,,,22811,11371,412012,181455,127990,50071,44948,1656,51782,293577,,,11.8,4.4,
2005,Maryland,,,22868,11503,291045,99000,110029,25433,24276,28403,39369,198483,,,,,
2013,Washington,6971406,1037690,22994,17589,1415063,511544,744686,48943,89546,6941,20153,258662,,,12.9,4.8,
2012,Washington,,,23060,17524,1262020,501302,598925,41631,101970,4131,20386,252333,,,14.6,6.1,
2008,Washington,,,23170,18665,726762,386793,246911,33440,43077,2935,21691,246148,,,14,5.8,
2005,Michigan,,,23591,11418,353534,148945,110954,28650,60622,768,55877,312843,,,,,
2008,Pennsylvania,,,23646,19673,440122,198341,136824,53956,43941,1639,51036,300032,,,11.8,4.4,
2011,Washington,,,23789,17317,1158160,482150,488511,44513,121924,4275,20121,244146,,,14.6,6.1,
2006,Washington,,,23803,12762,578192,314888,185251,26779,37763,3018,22120,286533,,,,,
2009,Pennsylvania,,,24105,16905,389988,173261,120040,53124,36913,2334,47965,277512,,,11.8,4.4,
2007,Maryland,,,24255,11613,322619,103066,126228,30462,29203,29129,36062,192796,,,11.1,4.3,
2013,Georgia,9992167,1064135,24387,19534,612675,244488,273079,31977,53114,5630,36541,334399,,,14.9,5.6,
2013,Pennsylvania,12773801,864767,24720,17813,505507,192962,187122,69883,49707,2045,42849,263240,,,12.4,4.8,
2012,Maryland,,,24971,16160,327081,100860,135432,32569,24147,30108,28055,162031,,,13,5.1,
2012,Pennsylvania,,,25032,16470,478373,196155,159570,68099,48426,2037,44503,276496,,,12.3,4.8,
2013,Maryland,5928814,909494,25361,17752,349169,103354,157344,32386,24256,28542,28089,157913,,,10.7,3.8,
2011,Pennsylvania,,,25397,16162,464992,193078,146146,68851,50825,2006,45240,283179,,,12.3,4.8,
2011,Maryland,,,25778,15790,331779,107355,131285,33217,26345,29038,28797,166699,,,13,5.1,
2006,Pennsylvania,,,25950,15846,386193,178404,115650,46047,39445,1432,54665,303988,,,,,
2012,Georgia,,,26134,17093,536372,248157,205638,27423,46287,5097,37591,338329,,,16.9,6.5,
2005,Washington,,,26480,14817,466718,245454,152929,22761,32222,2603,21745,307661,,,,,
2009,Maryland,,,26722,17099,305418,100839,117762,29947,23573,29278,33623,182422,,,11.1,4.3,
2011,Georgia,,,27015,17761,521281,238707,200752,27040,45617,4991,36634,355952,,,16.9,6.5,
2008,Maryland,,,27062,23342,324824,104838,127660,31163,27294,29494,35393,198165,,,11.1,4.3,
2005,Virginia,,,27095,17653,363242,133087,128564,27734,37308,32304,21400,199644,,,,,
2007,Georgia,,,27353,14181,453518,175291,196716,22592,48563,4281,47075,372342,,,15.6,5.9,
2009,Washington,,,27562,19853,658957,356441,214608,32447,39519,3609,22056,244368,,,14,5.8,
2011,Virginia,,,27767,13782,427808,144841,161086,42380,38345,37198,15923,182141,,,9.2,3.2,
2008,Georgia,,,27769,20417,474429,189275,202902,23674,48317,4438,46384,388935,,,15.6,5.9,
2013,Virginia,8260405,1060124,27861,22279,471690,146815,204782,41325,38184,37293,16205,170654,,,9.8,4.3,
2004,Massachusetts,,,28067,16263,,,,,,,,,,,,,
2012,Virginia,,,28227,24224,434129,142441,172899,41323,36687,36787,15564,176985,,,9.2,3.2,
2009,Georgia,,,28396,15408,404747,163277,169455,23169,39719,4432,41880,360400,,,15.6,5.9,
2005,Pennsylvania,,,28902,13307,368572,175947,106473,42878,36550,1621,52761,300444,,,,,
2013,Massachusetts,6692824,1104039,29482,21404,1056505,510996,346945,125379,63810,4285,27667,137285,,,9.7,4.5,
2007,Virginia,,,29682,14171,409690,140332,148730,35740,44580,35375,20798,190209,,,9.2,3.6,
2009,Virginia,,,29825,24730,387200,138082,140759,34617,33226,36147,17879,191453,,,9.2,3.6,
2006,Maryland,,,30199,14465,300318,96585,115846,28283,27010,28736,38110,195476,,,,,
2008,Virginia,,,30257,29949,419858,145710,155528,37630,40155,35824,19882,195634,,,9.2,3.6,
2008,Massachusetts,,,30369,28728,847608,475619,219183,92627,49487,3331,29174,155959,,,10,4.3,
2007,Massachusetts,,,30555,20952,781508,427201,205667,85684,52653,3181,27832,154246,,,10,4.3,
2012,Massachusetts,,,31392,22753,963171,509839,266904,118816,58660,3461,26953,143089,,,11.4,4.2,
2005,Georgia,,,31527,7903,409942,179401,161304,18485,42016,3613,40725,378534,,,,,
2006,Georgia,,,32202,19785,436905,177912,185528,20220,44545,3836,44106,364183,,,,,
2011,Massachusetts,,,32236,22812,930826,499935,245587,117395,58768,3600,28219,148790,,,11.4,4.2,
2003,Illinois,,,32413,23401,,,,,,,,,,,,,
2009,Massachusetts,,,32607,21748,765247,417798,201487,92365,43976,3192,30136,151914,,,10,4.3,
2005,Massachusetts,,,34232,22685,677021,375563,173304,73071,47096,2749,29237,151241,,,,,
2006,Massachusetts,,,35558,22932,716538,396338,187091,76717,48815,2931,28775,153913,,,,,
2013,Illinois,12882135,1887611,35988,27706,1197625,458073,575736,68999,84498,4677,48974,292983,,,11.1,4.3,
2011,Illinois,,,38325,29133,979740,439175,395636,61646,70939,4590,55247,346025,,,13,4.5,
2012,Illinois,,,38373,28376,1021476,445339,427605,62227,73201,5529,53403,332013,,,13,4.5,
2006,Virginia,,,38483,20401,377462,132279,135424,31017,40571,34324,21568,189406,,,,,
2003,New Jersey,,,40699,22968,,,,,,,,,,,,,
2009,Illinois,,,41889,28112,783554,345474,319388,49924,58670,3828,64185,353347,,,12.2,4.4,
2007,Illinois,,,41971,38735,896799,381243,384430,47976,70422,4337,68528,377322,,,12.2,4.4,
2008,Illinois,,,42723,45224,923067,405656,384374,51414,70074,4505,67780,378355,,,12.2,4.4,
2004,Illinois,,,46896,29432,,,,,,,,,,,,,
2004,New Jersey,,,50699,30291,,,,,,,,,,,,,
2012,New Jersey,,,50790,42622,960236,388221,418679,42200,97110,5058,25727,181481,,,12.1,4.6,
2005,Illinois,,,52415,27739,750924,330453,314488,40265,55290,3432,70392,393148,,,,,
2006,Illinois,,,52452,30156,791277,335136,341884,43160,61162,3983,69498,387478,,,,,
2003,Florida,,,52770,35105,,,,,,,,,,,,,
2013,New Jersey,8899339,2006745,53082,41173,1010849,377873,476195,43593,100683,4941,25674,167556,,,11.1,4.7,
2003,Texas,,,53412,28638,,,,,,,,,,,,,
2008,New Jersey,,,53997,59950,956800,380326,407530,44712,107438,5450,28351,199126,,,11.5,4,
2011,New Jersey,,,55547,33826,943679,395344,391479,44232,98724,5350,27203,189719,,,12.1,4.6,
2007,New Jersey,,,55834,35235,883395,327956,387051,42730,109645,5160,28601,192226,,,11.5,4,
2005,New Jersey,,,56176,33160,710412,272740,305649,32554,86941,4737,30919,203391,,,,,
2009,New Jersey,,,58879,35077,818573,342895,333604,40394,87103,5226,27121,181097,,,11.5,4,
2006,New Jersey,,,65931,39801,771060,292268,333470,36823,94855,5012,30672,199958,,,,,
2004,Florida,,,76178,43795,,,,,,,,,,,,,
2007,Texas,,,77278,53032,2819241,399920,2091127,83877,195704,14316,122054,985142,,,17.4,6.4,
2006,Texas,,,89027,37835,2450389,382858,1797981,62784,161108,14155,121378,959460,,,,,
2003,New York,,,89538,63888,,,,,,,,,,,,,
2008,Texas,,,89811,82129,2802857,417673,2061110,87033,190555,14750,123564,969570,,,17.4,6.4,
2004,Texas,,,92440,35417,,,,,,,,,,,,,
2013,Texas,26448193,4652358,92674,57947,7605578,569936,6294913,191477,418753,24828,107998,861734,,,15.4,6,
2011,Texas,,,94481,52927,6559787,536400,5255522,247560,383001,25096,104873,891499,,,18.4,6.2,
2009,Texas,,,95384,54024,2601837,362997,1912688,98637,177066,15222,121668,995145,,,17.4,6.4,
2012,Texas,,,95557,57762,6854454,554601,5579151,201389,384595,23664,106476,876059,,,18.4,6.2,
2005,Texas,,,95951,38553,2115742,355590,1516070,55061,143380,13075,121091,990293,,,,,
2013,Florida,19552860,4017767,102939,101773,8089139,2871429,4823058,93064,158389,17039,91986,607172,,,12.7,5.4,
2012,Florida,,,103047,100890,7234508,2893804,3960617,88031,145484,16019,94087,632988,,,14.8,5.7,
2004,New York,,,103151,66234,,,,,,,,,,,,,
2011,Florida,,,109229,87309,6690019,2766935,3539375,89825,142285,15860,98199,671200,,,14.8,5.7,
2005,Florida,,,122915,42999,5061923,2462196,2226365,57888,171412,14562,125957,712998,,,,,
2007,Florida,,,126277,54563,5418830,2352398,2641451,81991,175699,15230,131880,746347,,,14.2,6.1,
2009,Florida,,,127006,82788,5538668,2437861,2739440,75014,134746,14748,113541,712010,,,14.2,6.1,
2008,Florida,,,133445,128328,5978898,2700137,2867459,84426,162678,15351,126265,758934,,,14.2,6.1,
2013,New York,19651127,4556132,133601,107330,6805732,3731482,2385763,268931,318455,73920,77372,358598,,,14.1,4.9,
2007,New York,,,136739,73676,4792389,2881374,1396000,163396,247554,66270,79915,381816,,,12.4,4.6,
2005,New York,,,136815,84624,4131024,2536196,1171872,126302,212228,62569,85839,405990,,,,,
2008,New York,,,143679,90572,5586280,3545467,1508936,177998,242302,70082,77585,388533,,,12.4,4.6,
2011,New York,,,148426,76603,6226198,3776060,1713251,290838,337389,76772,77490,372255,,,13.2,5,
2012,New York,,,149505,93584,6409286,3838372,1890186,258247,317378,73415,79610,376140,,,13.2,5,
2009,New York,,,150722,88733,4672808,2875857,1313845,169067,214049,66817,75176,378315,,,12.4,4.6,
2006,Florida,,,155986,90846,4942206,2249173,2323301,68170,167386,14610,128795,721084,,,,,
2003,California,,,175579,135599,,,,,,,,,,,,,
2006,New York,,,180157,103870,4243472,2554878,1235633,143003,224871,63416,83966,396304,,,,,
2013,California,38332521,10709861,191806,164792,11182804,3025507,7440548,302741,340024,23847,154129,1018907,,,12.6,4.5,
2012,California,,,196622,158850,10208709,2947638,6551023,276379,361579,22225,160944,1049465,,,15.6,5.7,
2011,California,,,210591,151183,10306971,2860698,6657464,284117,420398,24116,154944,973901,,,15.6,5.7,
2009,California,,,227876,179754,5834364,2066217,3231894,214883,251661,18019,174459,1009614,,,14.1,5.1,
2007,California,,,228941,181684,6253111,2064903,3615020,205943,287120,17820,191025,1108660,,,14.1,5.1,
2005,California,,,232014,170489,4716841,2004474,2271602,153492,225096,15830,190178,1200531,,,,,
2008,California,,,238444,297909,6590690,2371493,3635686,224015,282861,18906,185173,1080747,,,14.1,5.1,
2004,California,,,253858,145593,,,,,,,,,,,,,
2006,California,,,264667,152836,5573588,1985144,3084120,178937,259438,16834,194120,1156017,,,,,
1989,New Hampshire,,,,,,,,,,,,,,6.4,,,
1999,New Hampshire,,,,,,,,,,,,,,6.5,,,
1989,Connecticut,,,,,,,,,,,,,,6.8,,,
1989,New Jersey,,,,,,,,,,,,,,7.6,,,
1979,Wyoming,,,,,,,,,,,,,,7.9,,,
1999,Connecticut,,,,,,,,,,,,,,7.9,,,
1999,Minnesota,,,,,,,,,,,,,,7.9,,,
1979,Connecticut,,,,,,,,,,,,,,8,,,
1989,Hawaii,,,,,,,,,,,,,,8.3,,,
1989,Maryland,,,,,,,,,,,,,,8.3,,,
1979,New Hampshire,,,,,,,,,,,,,,8.5,,,
1999,Maryland,,,,,,,,,,,,,,8.5,,,
1999,New Jersey,,,,,,,,,,,,,,8.5,,,
1979,Nevada,,,,,,,,,,,,,,8.7,,,
1979,Wisconsin,,,,,,,,,,,,,,8.7,,,
1989,Delaware,,,,,,,,,,,,,,8.7,,,
1999,Wisconsin,,,,,,,,,,,,,,8.7,,,
1989,Massachusetts,,,,,,,,,,,,,,8.9,,,
1989,Alaska,,,,,,,,,,,,,,9,,,
1999,Iowa,,,,,,,,,,,,,,9.1,,,
1999,Delaware,,,,,,,,,,,,,,9.2,,,
1999,Colorado,,,,,,,,,,,,,,9.3,,,
1999,Massachusetts,,,,,,,,,,,,,,9.3,,,
1999,Alaska,,,,,,,,,,,,,,9.4,,,
1999,Utah,,,,,,,,,,,,,,9.4,,,
1999,Vermont,,,,,,,,,,,,,,9.4,,,
1979,Minnesota,,,,,,,,,,,,,,9.5,,,
1979,New Jersey,,,,,,,,,,,,,,9.5,,,
1999,Indiana,,,,,,,,,,,,,,9.5,,,
1979,Massachusetts,,,,,,,,,,,,,,9.6,,,
1989,Rhode Island,,,,,,,,,,,,,,9.6,,,
1999,Virginia,,,,,,,,,,,,,,9.6,,,
1979,Indiana,,,,,,,,,,,,,,9.7,,,
1999,Nebraska,,,,,,,,,,,,,,9.7,,,
1979,Maryland,,,,,,,,,,,,,,9.8,,,
1979,Washington,,,,,,,,,,,,,,9.8,,,
1979,Hawaii,,,,,,,,,,,,,,9.9,,,
1989,Vermont,,,,,,,,,,,,,,9.9,,,
1999,Kansas,,,,,,,,,,,,,,9.9,,,
1979,Colorado,,,,,,,,,,,,,,10.1,,,
1979,Iowa,,,,,,,,,,,,,,10.1,,,
1979,Kansas,,,,,,,,,,,,,,10.1,,,
1989,Minnesota,,,,,,,,,,,,,,10.2,,,
1989,Nevada,,,,,,,,,,,,,,10.2,,,
1989,Virginia,,,,,,,,,,,,,,10.2,,,
1979,Ohio,,,,,,,,,,,,,,10.3,,,
1979,Rhode Island,,,,,,,,,,,,,,10.3,,,
1979,Utah,,,,,,,,,,,,,,10.3,,,
1979,Michigan,,,,,,,,,,,,,,10.4,,,
1979,Pennsylvania,,,,,,,,,,,,,,10.5,,,
1999,Michigan,,,,,,,,,,,,,,10.5,,,
1999,Nevada,,,,,,,,,,,,,,10.5,,,
1999,Ohio,,,,,,,,,,,,,,10.6,,,
1999,Washington,,,,,,,,,,,,,,10.6,,,
1979,Alaska,,,,,,,,,,,,,,10.7,,,
1979,Nebraska,,,,,,,,,,,,,,10.7,,,
1979,Oregon,,,,,,,,,,,,,,10.7,,,
1989,Indiana,,,,,,,,,,,,,,10.7,,,
1989,Wisconsin,,,,,,,,,,,,,,10.7,,,
1999,Hawaii,,,,,,,,,,,,,,10.7,,,
1999,Illinois,,,,,,,,,,,,,,10.7,,,
1989,Maine,,,,,,,,,,,,,,10.8,,,
1989,Washington,,,,,,,,,,,,,,10.9,,,
1999,Maine,,,,,,,,,,,,,,10.9,,,
1979,Illinois,,,,,,,,,,,,,,11,,,
1999,Pennsylvania,,,,,,,,,,,,,,11,,,
1989,Nebraska,,,,,,,,,,,,,,11.1,,,
1989,Pennsylvania,,,,,,,,,,,,,,11.1,,,
1979,California,,,,,,,,,,,,,,11.4,,,
1989,Utah,,,,,,,,,,,,,,11.4,,,
1999,Wyoming,,,,,,,,,,,,,,11.4,,,
1989,Iowa,,,,,,,,,,,,,,11.5,,,
1989,Kansas,,,,,,,,,,,,,,11.5,,,
1999,Oregon,,,,,,,,,,,,,,11.6,,,
1989,Colorado,,,,,,,,,,,,,,11.7,,,
1999,Missouri,,,,,,,,,,,,,,11.7,,,
1979,Virginia,,,,,,,,,,,,,,11.8,,,
1999,Idaho,,,,,,,,,,,,,,11.8,,,
1979,Delaware,,,,,,,,,,,,,,11.9,,,
1989,Illinois,,,,,,,,,,,,,,11.9,,,
1989,Wyoming,,,,,,,,,,,,,,11.9,,,
1999,North Dakota,,,,,,,,,,,,,,11.9,,,
1999,Rhode Island,,,,,,,,,,,,,,11.9,,,
1979,Vermont,,,,,,,,,,,,,,12.1,,,
1979,Missouri,,,,,,,,,,,,,,12.2,,,
1979,Montana,,,,,,,,,,,,,,12.3,,,
1999,North Carolina,,,,,,,,,,,,,,12.3,,,
1989,Oregon,,,,,,,,,,,,,,12.4,,,
1989,California,,,,,,,,,,,,,,12.5,,,
1989,Ohio,,,,,,,,,,,,,,12.5,,,
1999,Florida,,,,,,,,,,,,,,12.5,,,
1979,Idaho,,,,,,,,,,,,,,12.6,,,
1979,North Dakota,,,,,,,,,,,,,,12.6,,,
1989,Florida,,,,,,,,,,,,,,12.7,,,
1979,Maine,,,,,,,,,,,,,,13,,,
1989,New York,,,,,,,,,,,,,,13,,,
1989,North Carolina,,,,,,,,,,,,,,13,,,
1999,Georgia,,,,,,,,,,,,,,13,,,
1989,Michigan,,,,,,,,,,,,,,13.1,,,
1979,Arizona,,,,,,,,,,,,,,13.2,,,
1999,South Dakota,,,,,,,,,,,,,,13.2,,,
1989,Idaho,,,,,,,,,,,,,,13.3,,,
1989,Missouri,,,,,,,,,,,,,,13.3,,,
1979,New York,,,,,,,,,,,,,,13.4,,,
1979,Oklahoma,,,,,,,,,,,,,,13.4,,,
1979,Florida,,,,,,,,,,,,,,13.5,,,
1999,Tennessee,,,,,,,,,,,,,,13.5,,,
1999,Arizona,,,,,,,,,,,,,,13.9,,,
1999,South Carolina,,,,,,,,,,,,,,14.1,,,
1999,California,,,,,,,,,,,,,,14.2,,,
1989,North Dakota,,,,,,,,,,,,,,14.4,,,
1999,Montana,,,,,,,,,,,,,,14.6,,,
1999,New York,,,,,,,,,,,,,,14.6,,,
1979,Texas,,,,,,,,,,,,,,14.7,,,
1989,Georgia,,,,,,,,,,,,,,14.7,,,
1999,Oklahoma,,,,,,,,,,,,,,14.7,,,
1979,North Carolina,,,,,,,,,,,,,,14.8,,,
1979,West Virginia,,,,,,,,,,,,,,15,,,
1989,South Carolina,,,,,,,,,,,,,,15.4,,,
1999,Texas,,,,,,,,,,,,,,15.4,,,
1989,Arizona,,,,,,,,,,,,,,15.7,,,
1989,Tennessee,,,,,,,,,,,,,,15.7,,,
1999,Arkansas,,,,,,,,,,,,,,15.8,,,
1999,Kentucky,,,,,,,,,,,,,,15.8,,,
1989,South Dakota,,,,,,,,,,,,,,15.9,,,
1989,Montana,,,,,,,,,,,,,,16.1,,,
1999,Alabama,,,,,,,,,,,,,,16.1,,,
1979,Tennessee,,,,,,,,,,,,,,16.5,,,
1979,Georgia,,,,,,,,,,,,,,16.6,,,
1979,South Carolina,,,,,,,,,,,,,,16.6,,,
1989,Oklahoma,,,,,,,,,,,,,,16.7,,,
1979,South Dakota,,,,,,,,,,,,,,16.9,,,
1989,District of Columbia,,,,,,,,,,,,,,16.9,,,
1979,Kentucky,,,,,,,,,,,,,,17.6,,,
1979,New Mexico,,,,,,,,,,,,,,17.6,,,
1999,West Virginia,,,,,,,,,,,,,,17.9,,,
1989,Texas,,,,,,,,,,,,,,18.1,,,
1989,Alabama,,,,,,,,,,,,,,18.3,,,
1999,New Mexico,,,,,,,,,,,,,,18.4,,,
1979,District of Columbia,,,,,,,,,,,,,,18.6,,,
1979,Louisiana,,,,,,,,,,,,,,18.6,,,
1979,Alabama,,,,,,,,,,,,,,18.9,,,
1979,Arkansas,,,,,,,,,,,,,,19,,,
1989,Kentucky,,,,,,,,,,,,,,19,,,
1989,Arkansas,,,,,,,,,,,,,,19.1,,,
1999,Louisiana,,,,,,,,,,,,,,19.6,,,
1989,West Virginia,,,,,,,,,,,,,,19.7,,,
1999,Mississippi,,,,,,,,,,,,,,19.9,,,
1999,District of Columbia,,,,,,,,,,,,,,20.2,,,
1989,New Mexico,,,,,,,,,,,,,,20.6,,,
1989,Louisiana,,,,,,,,,,,,,,23.6,,,
1979,Mississippi,,,,,,,,,,,,,,23.9,,,
1989,Mississippi,,,,,,,,,,,,,,25.2,,,
